{
	"Version": 3,
	"FileReferences": {
		"Moc": "hiyori_free_t08.moc3",
		"Textures": [
			"hiyori_free_t08.2048/texture_00.png"
		],
		"Physics": "hiyori_free_t08.physics3.json",
		"DisplayInfo": "hiyori_free_t08.cdi3.json",
		"Motions": {
			"Idle": [
				{
					"File": "motion/hiyori_m01.motion3.json"
				},
				{
					"File": "motion/hiyori_m02.motion3.json"
				},
				{
					"File": "motion/hiyori_m05.motion3.json"
				}
			],
			"Flick": [
				{
					"File": "motion/hiyori_m03.motion3.json"
				}
			],
			"FlickDown": [
				{
					"File": "motion/hiyori_m04.motion3.json"
				}
			],
			"Tap": [
				{
					"File": "motion/hiyori_m06.motion3.json"
				}
			],
			"Tap@Body": [
				{
					"File": "motion/hiyori_m07.motion3.json"
				}
			],
			"Flick@Body": [
				{
					"File": "motion/hiyori_m08.motion3.json"
				}
			]
		}
	},
	"Groups": [
		{
			"Target": "Parameter",
			"Name": "EyeBlink",
			"Ids": [
				"ParamEyeLOpen",
				"ParamEyeROpen"
			]
		},
		{
			"Target": "Parameter",
			"Name": "LipSync",
			"Ids": [
				"ParamMouthOpenY"
			]
		}
	],
	"HitAreas": [
		{
			"Id": "HitArea",
			"Name": "Body"
		}
	]
}
