{
	"Version": 3,
	"Meta": {
		"Duration": 4.17,
		"Fps": 30.0,
		"Loop": true,
		"AreBeziersRestricted": false,
		"CurveCount": 22,
		"TotalSegmentCount": 93,
		"TotalPointCount": 257,
		"UserDataCount": 0,
		"TotalUserDataSize": 0
	},
	"Curves": [
		{
			"Target": "Parameter",
			"Id": "ParamAngleX",
			"Segments": [
				0,
				0,
				1,
				0.067,
				0,
				0.133,
				0,
				0.2,
				0,
				1,
				0.4,
				0,
				0.6,
				0,
				0.8,
				0,
				1,
				1.067,
				0,
				1.333,
				1.041,
				1.6,
				1.041,
				1,
				1.844,
				1.041,
				2.089,
				-8,
				2.333,
				-8,
				1,
				2.656,
				-8,
				2.978,
				6,
				3.3,
				6,
				0,
				4.167,
				6
			]
		},
		{
			"Target": "Parameter",
			"Id": "ParamAngleY",
			"Segments": [
				0,
				0,
				1,
				0.067,
				0,
				0.133,
				0,
				0.2,
				0,
				1,
				0.344,
				0,
				0.489,
				-30,
				0.633,
				-30,
				0,
				4.167,
				-30
			]
		},
		{
			"Target": "Parameter",
			"Id": "ParamAngleZ",
			"Segments": [
				0,
				0,
				1,
				0.067,
				0,
				0.133,
				0,
				0.2,
				0,
				0,
				4.167,
				0
			]
		},
		{
			"Target": "Parameter",
			"Id": "ParamCheek",
			"Segments": [
				0,
				0,
				1,
				0.067,
				0,
				0.133,
				0,
				0.2,
				0,
				0,
				4.167,
				0
			]
		},
		{
			"Target": "Parameter",
			"Id": "ParamEyeLOpen",
			"Segments": [
				0,
				1,
				1,
				0.067,
				1,
				0.133,
				1,
				0.2,
				1,
				1,
				0.311,
				1,
				0.422,
				0.988,
				0.533,
				0.8,
				1,
				0.589,
				0.706,
				0.644,
				0,
				0.7,
				0,
				1,
				0.722,
				0,
				0.744,
				0,
				0.767,
				0,
				1,
				0.822,
				0,
				0.878,
				0.8,
				0.933,
				0.8,
				1,
				1.422,
				0.8,
				1.911,
				0.8,
				2.4,
				0.8,
				1,
				2.456,
				0.8,
				2.511,
				0,
				2.567,
				0,
				1,
				2.589,
				0,
				2.611,
				0,
				2.633,
				0,
				1,
				2.689,
				0,
				2.744,
				0.8,
				2.8,
				0.8,
				0,
				4.167,
				0.8
			]
		},
		{
			"Target": "Parameter",
			"Id": "ParamEyeLSmile",
			"Segments": [
				0,
				0,
				1,
				0.067,
				0,
				0.133,
				0,
				0.2,
				0,
				0,
				4.167,
				0
			]
		},
		{
			"Target": "Parameter",
			"Id": "ParamEyeROpen",
			"Segments": [
				0,
				1,
				1,
				0.067,
				1,
				0.133,
				1,
				0.2,
				1,
				1,
				0.311,
				1,
				0.422,
				0.988,
				0.533,
				0.8,
				1,
				0.589,
				0.706,
				0.644,
				0,
				0.7,
				0,
				1,
				0.722,
				0,
				0.744,
				0,
				0.767,
				0,
				1,
				0.822,
				0,
				0.878,
				0.8,
				0.933,
				0.8,
				1,
				1.422,
				0.8,
				1.911,
				0.8,
				2.4,
				0.8,
				1,
				2.456,
				0.8,
				2.511,
				0,
				2.567,
				0,
				1,
				2.589,
				0,
				2.611,
				0,
				2.633,
				0,
				1,
				2.689,
				0,
				2.744,
				0.8,
				2.8,
				0.8,
				0,
				4.167,
				0.8
			]
		},
		{
			"Target": "Parameter",
			"Id": "ParamEyeRSmile",
			"Segments": [
				0,
				0,
				1,
				0.067,
				0,
				0.133,
				0,
				0.2,
				0,
				1,
				0.278,
				0,
				0.356,
				0,
				0.433,
				0,
				0,
				4.167,
				0
			]
		},
		{
			"Target": "Parameter",
			"Id": "ParamEyeBallX",
			"Segments": [
				0,
				0,
				1,
				0.067,
				0,
				0.133,
				0,
				0.2,
				0,
				1,
				0.278,
				0,
				0.356,
				0,
				0.433,
				0,
				1,
				0.667,
				0,
				0.9,
				0.004,
				1.133,
				-0.01,
				1,
				1.4,
				-0.025,
				1.667,
				-0.43,
				1.933,
				-0.43,
				1,
				2.211,
				-0.43,
				2.489,
				0.283,
				2.767,
				0.283,
				0,
				4.167,
				0.283
			]
		},
		{
			"Target": "Parameter",
			"Id": "ParamEyeBallY",
			"Segments": [
				0,
				0,
				1,
				0.067,
				0,
				0.133,
				0,
				0.2,
				0,
				1,
				0.278,
				0,
				0.356,
				-1,
				0.433,
				-1,
				0,
				4.167,
				-1
			]
		},
		{
			"Target": "Parameter",
			"Id": "ParamBrowLForm",
			"Segments": [
				0,
				0,
				1,
				0.067,
				0,
				0.133,
				0,
				0.2,
				0,
				1,
				0.278,
				0,
				0.356,
				-0.75,
				0.433,
				-0.75,
				0,
				4.167,
				-0.75
			]
		},
		{
			"Target": "Parameter",
			"Id": "ParamBrowRForm",
			"Segments": [
				0,
				0,
				1,
				0.067,
				0,
				0.133,
				0,
				0.2,
				0,
				1,
				0.278,
				0,
				0.356,
				-0.87,
				0.433,
				-0.87,
				0,
				4.167,
				-0.87
			]
		},
		{
			"Target": "Parameter",
			"Id": "ParamMouthForm",
			"Segments": [
				0,
				1,
				1,
				0.067,
				1,
				0.133,
				1,
				0.2,
				1,
				1,
				0.278,
				1,
				0.356,
				-1,
				0.433,
				-1,
				0,
				4.167,
				-1
			]
		},
		{
			"Target": "Parameter",
			"Id": "ParamMouthOpenY",
			"Segments": [
				0,
				0,
				1,
				0.067,
				0,
				0.133,
				0,
				0.2,
				0,
				1,
				0.278,
				0,
				0.356,
				1,
				0.433,
				1,
				0,
				4.167,
				1
			]
		},
		{
			"Target": "Parameter",
			"Id": "ParamBodyAngleX",
			"Segments": [
				0,
				0,
				1,
				0.067,
				0,
				0.133,
				0,
				0.2,
				0,
				1,
				0.444,
				0,
				0.689,
				0,
				0.933,
				0,
				1,
				1.211,
				0,
				1.489,
				0,
				1.767,
				0,
				1,
				2.056,
				0,
				2.344,
				-6,
				2.633,
				-6,
				1,
				3.033,
				-6,
				3.433,
				10,
				3.833,
				10,
				0,
				4.167,
				10
			]
		},
		{
			"Target": "Parameter",
			"Id": "ParamBodyAngleY",
			"Segments": [
				0,
				0,
				1,
				0.067,
				0,
				0.133,
				0,
				0.2,
				0,
				0,
				4.167,
				0
			]
		},
		{
			"Target": "Parameter",
			"Id": "ParamBodyAngleZ",
			"Segments": [
				0,
				0,
				1,
				0.067,
				0,
				0.133,
				0,
				0.2,
				0,
				1,
				0.8,
				0,
				1.4,
				-2,
				2,
				-2,
				1,
				2.456,
				-2,
				2.911,
				8.125,
				3.367,
				8.125,
				0,
				4.167,
				8.125
			]
		},
		{
			"Target": "Parameter",
			"Id": "ParamBreath",
			"Segments": [
				0,
				0,
				1,
				0.067,
				0,
				0.133,
				0,
				0.2,
				0,
				0,
				4.167,
				0
			]
		},
		{
			"Target": "Parameter",
			"Id": "ParamArmLA",
			"Segments": [
				0,
				0,
				1,
				0.067,
				0,
				0.133,
				0,
				0.2,
				0,
				1,
				0.233,
				0,
				0.267,
				0,
				0.3,
				0,
				1,
				0.478,
				0,
				0.656,
				-10,
				0.833,
				-10,
				1,
				0.922,
				-10,
				1.011,
				-8.846,
				1.1,
				-8.846,
				1,
				1.467,
				-8.846,
				1.833,
				-8.835,
				2.2,
				-9.1,
				1,
				2.622,
				-9.405,
				3.044,
				-10,
				3.467,
				-10,
				0,
				4.167,
				-10
			]
		},
		{
			"Target": "Parameter",
			"Id": "ParamArmRA",
			"Segments": [
				0,
				0,
				1,
				0.067,
				0,
				0.133,
				0,
				0.2,
				0,
				1,
				0.233,
				0,
				0.267,
				0,
				0.3,
				0,
				1,
				0.478,
				0,
				0.656,
				-10,
				0.833,
				-10,
				1,
				0.922,
				-10,
				1.011,
				-8.972,
				1.1,
				-8.846,
				1,
				1.467,
				-8.328,
				1.833,
				-8.2,
				2.2,
				-8.2,
				1,
				2.622,
				-8.2,
				3.044,
				-10,
				3.467,
				-10,
				0,
				4.167,
				-10
			]
		},
		{
			"Target": "Parameter",
			"Id": "ParamHairAhoge",
			"Segments": [
				0,
				0,
				1,
				0.067,
				0,
				0.133,
				0,
				0.2,
				0,
				1,
				0.233,
				0,
				0.267,
				-5,
				0.3,
				-5,
				1,
				0.378,
				-5,
				0.456,
				10,
				0.533,
				10,
				1,
				0.633,
				10,
				0.733,
				4,
				0.833,
				4,
				0,
				4.167,
				4
			]
		},
		{
			"Target": "PartOpacity",
			"Id": "PartArmA",
			"Segments": [
				0,
				1,
				0,
				4.17,
				1
			]
		}
	]
}